{
  "raw_delta_z": {
    "mse": 0.44214,
    "mae": 0.137817,
    "r2": -0.0732,
    "per_dim_r2": [
      -0.0939,
      -0.0823,
      -0.0642,
      -0.0873,
      -0.0456,
      -0.0659
    ],
    "feature_dim": 512
  },
  "discrete_labels": {
    "mse": 0.407986,
    "mae": 0.092844,
    "r2": 0.0831,
    "per_dim_r2": [
      0.0418,
      -0.0124,
      0.4568,
      -0.0034,
      0.0109,
      0.0047
    ],
    "feature_dim": 12
  },
  "template_text": {
    "mse": 0.407912,
    "mae": 0.092916,
    "r2": 0.0755,
    "per_dim_r2": [
      0.0219,
      -0.0248,
      0.456,
      -0.0032,
      -0.0008,
      0.004
    ],
    "feature_dim": 384
  },
  "enriched_text": {
    "mse": 0.407521,
    "mae": 0.092674,
    "r2": 0.0861,
    "per_dim_r2": [
      0.0486,
      -0.0066,
      0.4496,
      -0.0022,
      0.0234,
      0.0037
    ],
    "feature_dim": 384
  },
  "discrete_plus_enriched": {
    "mse": 0.408048,
    "mae": 0.092852,
    "r2": 0.0812,
    "per_dim_r2": [
      0.0298,
      -0.0131,
      0.4561,
      -0.0035,
      0.0135,
      0.0044
    ],
    "feature_dim": 396
  },
  "delta_z_plus_discrete": {
    "mse": 0.445303,
    "mae": 0.137961,
    "r2": 0.0163,
    "per_dim_r2": [
      -0.011,
      -0.0734,
      0.3604,
      -0.0953,
      -0.0397,
      -0.0431
    ],
    "feature_dim": 524
  },
  "delta_z_plus_enriched": {
    "mse": 0.439595,
    "mae": 0.136446,
    "r2": 0.0249,
    "per_dim_r2": [
      0.0082,
      -0.0816,
      0.3755,
      -0.0812,
      -0.0154,
      -0.0564
    ],
    "feature_dim": 896
  },
  "full_fusion": {
    "mse": 0.439584,
    "mae": 0.136385,
    "r2": 0.0232,
    "per_dim_r2": [
      -0.0016,
      -0.0746,
      0.3882,
      -0.0811,
      -0.0301,
      -0.0618
    ],
    "feature_dim": 908
  }
}