{
  "raw_delta_z": {
    "mse": 0.44214,
    "mae": 0.137817,
    "r2": -0.0732,
    "per_dim_r2": [
      -0.0939,
      -0.0823,
      -0.0642,
      -0.0873,
      -0.0456,
      -0.0659
    ],
    "feature_dim": 512
  },
  "discrete_labels": {
    "mse": 0.409231,
    "mae": 0.098543,
    "r2": -0.0075,
    "per_dim_r2": [
      -0.0071,
      -0.0095,
      -0.0161,
      -0.0063,
      -0.0013,
      -0.0048
    ],
    "feature_dim": 12
  },
  "template_text": {
    "mse": 0.409233,
    "mae": 0.098555,
    "r2": -0.0076,
    "per_dim_r2": [
      -0.007,
      -0.0096,
      -0.0158,
      -0.0063,
      -0.001,
      -0.006
    ],
    "feature_dim": 384
  },
  "enriched_text": {
    "mse": 0.409254,
    "mae": 0.098462,
    "r2": -0.0062,
    "per_dim_r2": [
      -0.0039,
      -0.0096,
      -0.0166,
      -0.0064,
      0.002,
      -0.0027
    ],
    "feature_dim": 384
  },
  "discrete_plus_enriched": {
    "mse": 0.409232,
    "mae": 0.098555,
    "r2": -0.0076,
    "per_dim_r2": [
      -0.0073,
      -0.0095,
      -0.0159,
      -0.0063,
      -0.0011,
      -0.0054
    ],
    "feature_dim": 396
  },
  "delta_z_plus_discrete": {
    "mse": 0.445648,
    "mae": 0.138867,
    "r2": -0.077,
    "per_dim_r2": [
      -0.1069,
      -0.0912,
      -0.0703,
      -0.096,
      -0.0465,
      -0.0507
    ],
    "feature_dim": 524
  },
  "delta_z_plus_enriched": {
    "mse": 0.442494,
    "mae": 0.138575,
    "r2": -0.0742,
    "per_dim_r2": [
      -0.0967,
      -0.0822,
      -0.089,
      -0.0882,
      -0.0343,
      -0.0549
    ],
    "feature_dim": 896
  },
  "full_fusion": {
    "mse": 0.442488,
    "mae": 0.138557,
    "r2": -0.0728,
    "per_dim_r2": [
      -0.0965,
      -0.0785,
      -0.089,
      -0.0882,
      -0.0343,
      -0.05
    ],
    "feature_dim": 908
  }
}