{
  "raw_delta_z": {
    "mse": 0.44214,
    "mae": 0.137817,
    "r2": -0.0732,
    "feature_dim": 512,
    "per_dim_r2": {
      "x": -0.0939,
      "y": -0.0823,
      "z": -0.0642,
      "rx": -0.0873,
      "ry": -0.0456,
      "rz": -0.0659
    }
  },
  "gold_onehot": {
    "mse": 0.407986,
    "mae": 0.092844,
    "r2": 0.0831,
    "feature_dim": 12,
    "per_dim_r2": {
      "x": 0.0418,
      "y": -0.0124,
      "z": 0.4568,
      "rx": -0.0034,
      "ry": 0.0109,
      "rz": 0.0047
    }
  },
  "hard_onehot": {
    "mse": 0.406977,
    "mae": 0.095985,
    "r2": 0.1155,
    "feature_dim": 12,
    "per_dim_r2": {
      "x": 0.1241,
      "y": -0.0239,
      "z": 0.5627,
      "rx": -0.0009,
      "ry": 0.0256,
      "rz": 0.0057
    }
  },
  "soft_probability": {
    "mse": 0.489354,
    "mae": 0.143419,
    "r2": 0.0364,
    "feature_dim": 12,
    "per_dim_r2": {
      "x": 0.088,
      "y": -0.2109,
      "z": 0.7319,
      "rx": -0.2041,
      "ry": -0.1461,
      "rz": -0.0403
    }
  },
  "delta_z+gold": {
    "mse": 0.445303,
    "mae": 0.137961,
    "r2": 0.0163,
    "feature_dim": 524,
    "per_dim_r2": {
      "x": -0.011,
      "y": -0.0734,
      "z": 0.3604,
      "rx": -0.0953,
      "ry": -0.0397,
      "rz": -0.0431
    }
  },
  "delta_z+hard": {
    "mse": 0.454302,
    "mae": 0.13902,
    "r2": 0.0447,
    "feature_dim": 524,
    "per_dim_r2": {
      "x": -0.0492,
      "y": -0.0582,
      "z": 0.5515,
      "rx": -0.1176,
      "ry": -0.0051,
      "rz": -0.0533
    }
  },
  "delta_z+soft": {
    "mse": 0.44963,
    "mae": 0.137285,
    "r2": 0.1135,
    "feature_dim": 524,
    "per_dim_r2": {
      "x": 0.183,
      "y": -0.0822,
      "z": 0.7572,
      "rx": -0.1061,
      "ry": -0.0127,
      "rz": -0.0583
    }
  }
}