{
  "raw_delta_z": {
    "accuracy": 0.453,
    "macro_f1": 0.1759,
    "weighted_f1": 0.4023,
    "feature_dim": 512,
    "report": {
      "approach": {
        "precision": 0.5416666666666666,
        "recall": 0.7323943661971831,
        "f1-score": 0.6227544910179641,
        "support": 355.0
      },
      "grasp": {
        "precision": 0.0,
        "recall": 0.0,
        "f1-score": 0.0,
        "support": 51.0
      },
      "lift": {
        "precision": 0.0,
        "recall": 0.0,
        "f1-score": 0.0,
        "support": 24.0
      },
      "move": {
        "precision": 0.2571428571428571,
        "recall": 0.16071428571428573,
        "f1-score": 0.1978021978021978,
        "support": 168.0
      },
      "place": {
        "precision": 0.07142857142857142,
        "recall": 0.05,
        "f1-score": 0.058823529411764705,
        "support": 40.0
      },
      "accuracy": 0.45297805642633227,
      "macro avg": {
        "precision": 0.17404761904761903,
        "recall": 0.18862173038229377,
        "f1-score": 0.17587604364638532,
        "support": 638.0
      },
      "weighted avg": {
        "precision": 0.3735874757426481,
        "recall": 0.45297805642633227,
        "f1-score": 0.40229083811695465,
        "support": 638.0
      }
    }
  },
  "discrete_labels": {
    "accuracy": 1.0,
    "macro_f1": 1.0,
    "weighted_f1": 1.0,
    "feature_dim": 12,
    "report": {
      "approach": {
        "precision": 1.0,
        "recall": 1.0,
        "f1-score": 1.0,
        "support": 355.0
      },
      "grasp": {
        "precision": 1.0,
        "recall": 1.0,
        "f1-score": 1.0,
        "support": 51.0
      },
      "lift": {
        "precision": 1.0,
        "recall": 1.0,
        "f1-score": 1.0,
        "support": 24.0
      },
      "move": {
        "precision": 1.0,
        "recall": 1.0,
        "f1-score": 1.0,
        "support": 168.0
      },
      "place": {
        "precision": 1.0,
        "recall": 1.0,
        "f1-score": 1.0,
        "support": 40.0
      },
      "accuracy": 1.0,
      "macro avg": {
        "precision": 1.0,
        "recall": 1.0,
        "f1-score": 1.0,
        "support": 638.0
      },
      "weighted avg": {
        "precision": 1.0,
        "recall": 1.0,
        "f1-score": 1.0,
        "support": 638.0
      }
    }
  },
  "template_text": {
    "accuracy": 1.0,
    "macro_f1": 1.0,
    "weighted_f1": 1.0,
    "feature_dim": 384,
    "report": {
      "approach": {
        "precision": 1.0,
        "recall": 1.0,
        "f1-score": 1.0,
        "support": 355.0
      },
      "grasp": {
        "precision": 1.0,
        "recall": 1.0,
        "f1-score": 1.0,
        "support": 51.0
      },
      "lift": {
        "precision": 1.0,
        "recall": 1.0,
        "f1-score": 1.0,
        "support": 24.0
      },
      "move": {
        "precision": 1.0,
        "recall": 1.0,
        "f1-score": 1.0,
        "support": 168.0
      },
      "place": {
        "precision": 1.0,
        "recall": 1.0,
        "f1-score": 1.0,
        "support": 40.0
      },
      "accuracy": 1.0,
      "macro avg": {
        "precision": 1.0,
        "recall": 1.0,
        "f1-score": 1.0,
        "support": 638.0
      },
      "weighted avg": {
        "precision": 1.0,
        "recall": 1.0,
        "f1-score": 1.0,
        "support": 638.0
      }
    }
  },
  "enriched_text": {
    "accuracy": 1.0,
    "macro_f1": 1.0,
    "weighted_f1": 1.0,
    "feature_dim": 384,
    "report": {
      "approach": {
        "precision": 1.0,
        "recall": 1.0,
        "f1-score": 1.0,
        "support": 355.0
      },
      "grasp": {
        "precision": 1.0,
        "recall": 1.0,
        "f1-score": 1.0,
        "support": 51.0
      },
      "lift": {
        "precision": 1.0,
        "recall": 1.0,
        "f1-score": 1.0,
        "support": 24.0
      },
      "move": {
        "precision": 1.0,
        "recall": 1.0,
        "f1-score": 1.0,
        "support": 168.0
      },
      "place": {
        "precision": 1.0,
        "recall": 1.0,
        "f1-score": 1.0,
        "support": 40.0
      },
      "accuracy": 1.0,
      "macro avg": {
        "precision": 1.0,
        "recall": 1.0,
        "f1-score": 1.0,
        "support": 638.0
      },
      "weighted avg": {
        "precision": 1.0,
        "recall": 1.0,
        "f1-score": 1.0,
        "support": 638.0
      }
    }
  },
  "discrete_plus_template": {
    "accuracy": 1.0,
    "macro_f1": 1.0,
    "weighted_f1": 1.0,
    "feature_dim": 396,
    "report": {
      "approach": {
        "precision": 1.0,
        "recall": 1.0,
        "f1-score": 1.0,
        "support": 355.0
      },
      "grasp": {
        "precision": 1.0,
        "recall": 1.0,
        "f1-score": 1.0,
        "support": 51.0
      },
      "lift": {
        "precision": 1.0,
        "recall": 1.0,
        "f1-score": 1.0,
        "support": 24.0
      },
      "move": {
        "precision": 1.0,
        "recall": 1.0,
        "f1-score": 1.0,
        "support": 168.0
      },
      "place": {
        "precision": 1.0,
        "recall": 1.0,
        "f1-score": 1.0,
        "support": 40.0
      },
      "accuracy": 1.0,
      "macro avg": {
        "precision": 1.0,
        "recall": 1.0,
        "f1-score": 1.0,
        "support": 638.0
      },
      "weighted avg": {
        "precision": 1.0,
        "recall": 1.0,
        "f1-score": 1.0,
        "support": 638.0
      }
    }
  },
  "discrete_plus_enriched": {
    "accuracy": 1.0,
    "macro_f1": 1.0,
    "weighted_f1": 1.0,
    "feature_dim": 396,
    "report": {
      "approach": {
        "precision": 1.0,
        "recall": 1.0,
        "f1-score": 1.0,
        "support": 355.0
      },
      "grasp": {
        "precision": 1.0,
        "recall": 1.0,
        "f1-score": 1.0,
        "support": 51.0
      },
      "lift": {
        "precision": 1.0,
        "recall": 1.0,
        "f1-score": 1.0,
        "support": 24.0
      },
      "move": {
        "precision": 1.0,
        "recall": 1.0,
        "f1-score": 1.0,
        "support": 168.0
      },
      "place": {
        "precision": 1.0,
        "recall": 1.0,
        "f1-score": 1.0,
        "support": 40.0
      },
      "accuracy": 1.0,
      "macro avg": {
        "precision": 1.0,
        "recall": 1.0,
        "f1-score": 1.0,
        "support": 638.0
      },
      "weighted avg": {
        "precision": 1.0,
        "recall": 1.0,
        "f1-score": 1.0,
        "support": 638.0
      }
    }
  },
  "delta_z_plus_enriched": {
    "accuracy": 1.0,
    "macro_f1": 1.0,
    "weighted_f1": 1.0,
    "feature_dim": 896,
    "report": {
      "approach": {
        "precision": 1.0,
        "recall": 1.0,
        "f1-score": 1.0,
        "support": 355.0
      },
      "grasp": {
        "precision": 1.0,
        "recall": 1.0,
        "f1-score": 1.0,
        "support": 51.0
      },
      "lift": {
        "precision": 1.0,
        "recall": 1.0,
        "f1-score": 1.0,
        "support": 24.0
      },
      "move": {
        "precision": 1.0,
        "recall": 1.0,
        "f1-score": 1.0,
        "support": 168.0
      },
      "place": {
        "precision": 1.0,
        "recall": 1.0,
        "f1-score": 1.0,
        "support": 40.0
      },
      "accuracy": 1.0,
      "macro avg": {
        "precision": 1.0,
        "recall": 1.0,
        "f1-score": 1.0,
        "support": 638.0
      },
      "weighted avg": {
        "precision": 1.0,
        "recall": 1.0,
        "f1-score": 1.0,
        "support": 638.0
      }
    }
  },
  "full_fusion": {
    "accuracy": 1.0,
    "macro_f1": 1.0,
    "weighted_f1": 1.0,
    "feature_dim": 908,
    "report": {
      "approach": {
        "precision": 1.0,
        "recall": 1.0,
        "f1-score": 1.0,
        "support": 355.0
      },
      "grasp": {
        "precision": 1.0,
        "recall": 1.0,
        "f1-score": 1.0,
        "support": 51.0
      },
      "lift": {
        "precision": 1.0,