{
  "raw_delta_z": {
    "accuracy": 0.1667,
    "macro_f1": 0.1307,
    "weighted_f1": 0.1569,
    "feature_dim": 512,
    "report": {
      "approach": {
        "precision": 0.1,
        "recall": 0.125,
        "f1-score": 0.1111111111111111,
        "support": 8.0
      },
      "contact": {
        "precision": 0.14285714285714285,
        "recall": 0.14285714285714285,
        "f1-score": 0.14285714285714285,
        "support": 7.0
      },
      "grasp": {
        "precision": 0.16666666666666666,
        "recall": 0.16666666666666666,
        "f1-score": 0.16666666666666666,
        "support": 6.0
      },
      "lift": {
        "precision": 0.3333333333333333,
        "recall": 0.4,
        "f1-score": 0.36363636363636365,
        "support": 5.0
      },
      "move": {
        "precision": 0.0,
        "recall": 0.0,
        "f1-score": 0.0,
        "support": 3.0
      },
      "place": {
        "precision": 0.0,
        "recall": 0.0,
        "f1-score": 0.0,
        "support": 1.0
      },
      "accuracy": 0.16666666666666666,
      "macro avg": {
        "precision": 0.12380952380952381,
        "recall": 0.1390873015873016,
        "f1-score": 0.1307118807118807,
        "support": 30.0
      },
      "weighted avg": {
        "precision": 0.1488888888888889,
        "recall": 0.16666666666666666,
        "f1-score": 0.15690235690235693,
        "support": 30.0
      }
    }
  },
  "discrete_labels": {
    "accuracy": 0.8,
    "macro_f1": 0.75,
    "weighted_f1": 0.75,
    "feature_dim": 12,
    "report": {
      "approach": {
        "precision": 1.0,
        "recall": 1.0,
        "f1-score": 1.0,
        "support": 8.0
      },
      "contact": {
        "precision": 1.0,
        "recall": 1.0,
        "f1-score": 1.0,
        "support": 7.0
      },
      "grasp": {
        "precision": 0.0,
        "recall": 0.0,
        "f1-score": 0.0,
        "support": 6.0
      },
      "lift": {
        "precision": 1.0,
        "recall": 1.0,
        "f1-score": 1.0,
        "support": 5.0
      },
      "move": {
        "precision": 0.3333333333333333,
        "recall": 1.0,
        "f1-score": 0.5,
        "support": 3.0
      },
      "place": {
        "precision": 1.0,
        "recall": 1.0,
        "f1-score": 1.0,
        "support": 1.0
      },
      "accuracy": 0.8,
      "macro avg": {
        "precision": 0.7222222222222223,
        "recall": 0.8333333333333334,
        "f1-score": 0.75,
        "support": 30.0
      },
      "weighted avg": {
        "precision": 0.7333333333333333,
        "recall": 0.8,
        "f1-score": 0.75,
        "support": 30.0
      }
    }
  },
  "template_text": {
    "accuracy": 0.8,
    "macro_f1": 0.75,
    "weighted_f1": 0.75,
    "feature_dim": 384,
    "report": {
      "approach": {
        "precision": 1.0,
        "recall": 1.0,
        "f1-score": 1.0,
        "support": 8.0
      },
      "contact": {
        "precision": 1.0,
        "recall": 1.0,
        "f1-score": 1.0,
        "support": 7.0
      },
      "grasp": {
        "precision": 0.0,
        "recall": 0.0,
        "f1-score": 0.0,
        "support": 6.0
      },
      "lift": {
        "precision": 1.0,
        "recall": 1.0,
        "f1-score": 1.0,
        "support": 5.0
      },
      "move": {
        "precision": 0.3333333333333333,
        "recall": 1.0,
        "f1-score": 0.5,
        "support": 3.0
      },
      "place": {
        "precision": 1.0,
        "recall": 1.0,
        "f1-score": 1.0,
        "support": 1.0
      },
      "accuracy": 0.8,
      "macro avg": {
        "precision": 0.7222222222222223,
        "recall": 0.8333333333333334,
        "f1-score": 0.75,
        "support": 30.0
      },
      "weighted avg": {
        "precision": 0.7333333333333333,
        "recall": 0.8,
        "f1-score": 0.75,
        "support": 30.0
      }
    }
  },
  "enriched_text": {
    "accuracy": 1.0,
    "macro_f1": 1.0,
    "weighted_f1": 1.0,
    "feature_dim": 384,
    "report": {
      "approach": {
        "precision": 1.0,
        "recall": 1.0,
        "f1-score": 1.0,
        "support": 8.0
      },
      "contact": {
        "precision": 1.0,
        "recall": 1.0,
        "f1-score": 1.0,
        "support": 7.0
      },
      "grasp": {
        "precision": 1.0,
        "recall": 1.0,
        "f1-score": 1.0,
        "support": 6.0
      },
      "lift": {
        "precision": 1.0,
        "recall": 1.0,
        "f1-score": 1.0,
        "support": 5.0
      },
      "move": {
        "precision": 1.0,
        "recall": 1.0,
        "f1-score": 1.0,
        "support": 3.0
      },
      "place": {
        "precision": 1.0,
        "recall": 1.0,
        "f1-score": 1.0,
        "support": 1.0
      },
      "accuracy": 1.0,
      "macro avg": {
        "precision": 1.0,
        "recall": 1.0,
        "f1-score": 1.0,
        "support": 30.0
      },
      "weighted avg": {
        "precision": 1.0,
        "recall": 1.0,
        "f1-score": 1.0,
        "support": 30.0
      }
    }
  },
  "discrete_plus_template": {
    "accuracy": 0.8,
    "macro_f1": 0.75,
    "weighted_f1": 0.75,
    "feature_dim": 396,
    "report": {
      "approach": {
        "precision": 1.0,
        "recall": 1.0,
        "f1-score": 1.0,
        "support": 8.0
      },
      "contact": {
        "precision": 1.0,
        "recall": 1.0,
        "f1-score": 1.0,
        "support": 7.0
      },
      "grasp": {
        "precision": 0.0,
        "recall": 0.0,
        "f1-score": 0.0,
        "support": 6.0
      },
      "lift": {
        "precision": 1.0,
        "recall": 1.0,
        "f1-score": 1.0,
        "support": 5.0
      },
      "move": {
        "precision": 0.3333333333333333,
        "recall": 1.0,
        "f1-score": 0.5,
        "support": 3.0
      },
      "place": {
        "precision": 1.0,
        "recall": 1.0,
        "f1-score": 1.0,
        "support": 1.0
      },
      "accuracy": 0.8,
      "macro avg": {
        "precision": 0.7222222222222223,
        "recall": 0.8333333333333334,
        "f1-score": 0.75,
        "support": 30.0
      },
      "weighted avg": {
        "precision": 0.7333333333333333,
        "recall": 0.8,
        "f1-score": 0.75,
        "support": 30.0
      }
    }
  },
  "discrete_plus_enriched": {
    "accuracy": 1.0,
    "macro_f1": 1.0,
    "weighted_f1": 1.0,
    "feature_dim": 396,
    "report": {
      "approach": {
        "precision": 1.0,
        "recall": 1.0,
        "f1-score": 1.0,
        "support": 8.0
      },
      "contact": {
        "precision": 1.0,
        "recall": 1.0,
        "f1-score": 1.0,
        "support": 7.0
      },
      "grasp": {
        "precision": 1.0,
        "recall": 1.0,
        "f1-score": 1.0,
        "support": 6.0
      },
      "lift": {
        "precision": 1.0,
        "recall": 1.0,
        "f1-score": 1.0,
        "support": 5.0
      },
      "move": {
        "precision": 1.0,
        "recall": 1.0,
        "f1-score": 1.0,
        "support": 3.0
      },
      "place": {
        "precision": 1.0,
        "recall": 1.0,
        "f1-score": 1.0,
        "support": 1.0
      },
      "accuracy": 1.0,
      "macro avg": {
        "precision": 1.0,
        "recall": 1.0,
        "f1-score": 1.0,
        "support": 30.0
      },
      "weighted avg": {
        "precision": 1.0,
        "recall": 1.0,
        "f1-score": 1.0,
        "support": 30.0
      }
    }
  },
  "delta_z_plus_enriched": {
    "accuracy": 1.0,
    "macro_f1": 1.0,
    "weighted_f1": 1.0,
    "feature_dim": 896,
    "report": {
      "approach": {
        "precision": 1.0,
        "recall": 1.0,
        "f1-score": 1.0,
        "support": 8.0
      },
      "contact": {
        "precision": 1.0,
        "recall": 1.0,
        "f1-score": 1.0,
        "support": 7.0
      },
      "grasp": {
        "precision": 1.0,
        "recall": 1.0,
        "f1-score": 1.0,
        "support": 6.0
      },
      "lift": {
        "precision": 1.0,